"","ATMC_imp_vol","XZZ_skew","imp_vol_slope","alpha","tot_option_VOL","tot_open_interest"
"mean",0.445687432260356,0.0452200912702788,-0.00324720944960283,-0.365057893721917,4606.98705997302,93275.0198283023
"sd",0.239477796943158,0.0649050362993108,0.0367882424459162,0.504295554701081,38219.4409864923,422802.699883615
"q_0.05",0.1679647,-0.02015,-0.0559925,-1.14742119423458,2,1375
"q_0.25",0.2780565,0.016289,-0.01140925,-0.594507275773045,66,5269
"q_0.5",0.392159,0.035045,-0.00019199999999997,-0.373009825586232,360,17036
"q_0.75",0.552572,0.0623480000000001,0.0082175,-0.136111235087705,1856,59740
"q_0.95",0.912665199999999,0.143978,0.039429,0.426320356915499,15843,347579.3
